Participant ID,Warm-Congruent,Warm-Incongruent,Cool-Congruent,Cool-Incongruent
1,2.06623725,2.693257575,0,3.671447814
2,5.4662141,7.183611175,2.947708,5.460629933
3,2.22427916,9.215525033,1.7533447,2.50386356
4,7.3488616,6.131073867,12.0302465,3.1533224
5,2.4377235,3.9998443,4.11375005,2.11260575
